﻿<?xml version="1.0" encoding="utf-8"?>
<?xml-stylesheet type="text/xsl" href="c:\program files (x86)\microsoft visual studio\2017\community\team tools\static analysis tools\fxcop\Xml\CodeAnalysisReport.xsl"?>
<FxCopReport Version="15.0">
 <Targets>
  <Target Name="D:\jost1\Escritorio\SignalAudio_Recognition\SignalAudio_Recognition\bin\Debug\SignalAudio_Recognition.exe">
   <Modules>
    <Module Name="signalaudio_recognition.exe">
     <Namespaces>
      <Namespace Name="SignalAudio_Recognition">
       <Types>
        <Type Name="MainForm" Kind="Class" Accessibility="Public" ExternallyVisible="True">
         <Members>
          <Member Name="#Dispose(System.Boolean)" Kind="Method" Static="False" Accessibility="Family" ExternallyVisible="True">
           <Messages>
            <Message Id="output" TypeName="DisposableFieldsShouldBeDisposed" Category="Microsoft.Usage" CheckId="CA2213" Status="Active" Created="2018-09-25 04:44:06Z" FixCategory="NonBreaking">
             <Issue Certainty="75" Level="Warning" Path="D:\jost1\Escritorio\SignalAudio_Recognition\SignalAudio_Recognition" File="MainForm.Designer.cs" Line="35">'MainForm' contiene el campo 'MainForm.output' que es de tipo IDisposable: 'DirectSoundOut'. Cambie el método Dispose en 'MainForm' para que llame a Dispose o Close en este campo.</Issue>
            </Message>
            <Message Id="sourceStream" TypeName="DisposableFieldsShouldBeDisposed" Category="Microsoft.Usage" CheckId="CA2213" Status="Active" Created="2018-09-25 04:44:06Z" FixCategory="NonBreaking">
             <Issue Certainty="75" Level="Warning" Path="D:\jost1\Escritorio\SignalAudio_Recognition\SignalAudio_Recognition" File="MainForm.Designer.cs" Line="35">'MainForm' contiene el campo 'MainForm.sourceStream' que es de tipo IDisposable: 'WaveIn'. Cambie el método Dispose en 'MainForm' para que llame a Dispose o Close en este campo.</Issue>
            </Message>
            <Message Id="wave" TypeName="DisposableFieldsShouldBeDisposed" Category="Microsoft.Usage" CheckId="CA2213" Status="Active" Created="2018-09-25 04:44:06Z" FixCategory="NonBreaking">
             <Issue Certainty="75" Level="Warning" Path="D:\jost1\Escritorio\SignalAudio_Recognition\SignalAudio_Recognition" File="MainForm.Designer.cs" Line="35">'MainForm' contiene el campo 'MainForm.wave' que es de tipo IDisposable: 'WaveFileReader'. Cambie el método Dispose en 'MainForm' para que llame a Dispose o Close en este campo.</Issue>
            </Message>
            <Message Id="waveSignal" TypeName="DisposableFieldsShouldBeDisposed" Category="Microsoft.Usage" CheckId="CA2213" Status="Active" Created="2018-09-25 04:44:06Z" FixCategory="NonBreaking">
             <Issue Certainty="75" Level="Warning" Path="D:\jost1\Escritorio\SignalAudio_Recognition\SignalAudio_Recognition" File="MainForm.Designer.cs" Line="35">'MainForm' contiene el campo 'MainForm.waveSignal' que es de tipo IDisposable: 'WaveChannel32'. Cambie el método Dispose en 'MainForm' para que llame a Dispose o Close en este campo.</Issue>
            </Message>
            <Message Id="waveWriter" TypeName="DisposableFieldsShouldBeDisposed" Category="Microsoft.Usage" CheckId="CA2213" Status="Active" Created="2018-09-25 04:44:06Z" FixCategory="NonBreaking">
             <Issue Certainty="75" Level="Warning" Path="D:\jost1\Escritorio\SignalAudio_Recognition\SignalAudio_Recognition" File="MainForm.Designer.cs" Line="35">'MainForm' contiene el campo 'MainForm.waveWriter' que es de tipo IDisposable: 'WaveFileWriter'. Cambie el método Dispose en 'MainForm' para que llame a Dispose o Close en este campo.</Issue>
            </Message>
            <Message Id="wavechannel" TypeName="DisposableFieldsShouldBeDisposed" Category="Microsoft.Usage" CheckId="CA2213" Status="Active" Created="2018-09-25 04:44:06Z" FixCategory="NonBreaking">
             <Issue Certainty="75" Level="Warning" Path="D:\jost1\Escritorio\SignalAudio_Recognition\SignalAudio_Recognition" File="MainForm.Designer.cs" Line="35">'MainForm' contiene el campo 'MainForm.wavechannel' que es de tipo IDisposable: 'WaveChannel32'. Cambie el método Dispose en 'MainForm' para que llame a Dispose o Close en este campo.</Issue>
            </Message>
           </Messages>
          </Member>
          <Member Name="#NormalizeSignalFile(System.String,System.String)" Kind="Method" Static="False" Accessibility="Private" ExternallyVisible="False">
           <Messages>
            <Message TypeName="No usar Dispose varias veces en objetos" Category="Microsoft.Usage" CheckId="CA2202" Status="Active" Created="2018-09-25 04:44:06Z" FixCategory="DependsOnFix">
             <Issue Certainty="75" Level="Warning" Path="D:\jost1\Escritorio\SignalAudio_Recognition\SignalAudio_Recognition" File="MainForm.cs" Line="280">El objeto 'reader' admite Dispose más de una vez en el método 'MainForm.NormalizeSignalFile(string, string)'. Para evitar generar una excepción System.ObjectDisposedException, no debe llamar a Dispose más de una vez en un objeto.: Lines: 280</Issue>
            </Message>
           </Messages>
          </Member>
         </Members>
        </Type>
       </Types>
      </Namespace>
     </Namespaces>
    </Module>
   </Modules>
  </Target>
 </Targets>
 <Rules>
  <Rule TypeName="DisposableFieldsShouldBeDisposed" Category="Microsoft.Usage" CheckId="CA2213">
   <Name>Aplique Dispose a los campos a los que se pueda</Name>
   <Description>Si un tipo que implementa IDisposable posee campos que también implementan IDisposable, la implementación de Dispose() de los tipos encapsuladores debe llamar a Dispose() en todos los campos disponibles.</Description>
   <Resolution Name="Default">{0} contiene el campo {1} que es de tipo IDisposable: {2}. Cambie el método Dispose en {0} para que llame a Dispose o Close en este campo.</Resolution>
   <Owner />
   <Url>http://msdn.microsoft.com/library/ms182328.aspx</Url>
   <Email>[none]</Email>
   <MessageLevel Certainty="75">Warning</MessageLevel>
   <File Name="usagerules.dll" Version="15.0.0.0" />
  </Rule>
  <Rule TypeName="No usar Dispose varias veces en objetos" Category="Microsoft.Usage" CheckId="CA2202">
   <Name>No usar Dispose varias veces en objetos</Name>
   <Description>Un método Dispose correctamente implementado se puede llamar varias veces sin producir ninguna excepción. Sin embargo, esto no está garantizado y, para evitar generar una excepción System.ObjectDisposedException, no debe llamar al método Dispose más de una vez en un objeto.</Description>
   <Resolution Name="Default">El objeto {0} admite Dispose más de una vez en el método {1}. Para evitar generar una excepción System.ObjectDisposedException, no debe llamar a Dispose más de una vez en un objeto.: Lines: 280</Resolution>
   <Owner>RuleOwner</Owner>
   <Url>http://msdn.microsoft.com/library/ms182334.aspx</Url>
   <Email />
   <MessageLevel Certainty="75">Warning</MessageLevel>
   <File Name="dataflowrules.dll" Version="15.0.0.0" />
  </Rule>
 </Rules>
 <Localized>
  <String Key="Category">Categoría</String>
  <String Key="Certainty">Certeza</String>
  <String Key="CollapseAll">Contraer todo</String>
  <String Key="CheckId">Comprobar id.</String>
  <String Key="Error">Error</String>
  <String Key="Errors">errores</String>
  <String Key="ExpandAll">Expandir todo</String>
  <String Key="Help">Ayuda</String>
  <String Key="Line">Línea</String>
  <String Key="Messages">mensajes</String>
  <String Key="LocationNotStoredInPdb">[Ubicación no almacenada en Pdb]</String>
  <String Key="Project">Proyecto</String>
  <String Key="Resolution">Resolución</String>
  <String Key="Rule">Regla</String>
  <String Key="RuleFile">Archivo de regla</String>
  <String Key="RuleDescription">Descripción de la regla</String>
  <String Key="Source">Origen</String>
  <String Key="Status">Estado</String>
  <String Key="Target">Círculos concéntricos</String>
  <String Key="Warning">Advertencia</String>
  <String Key="Warnings">advertencias</String>
  <String Key="ReportTitle">Informe de análisis del código</String>
 </Localized>
</FxCopReport>
